[
    {
        "info": "TWITTER"
    },
    {
        "info": "BIT_LY"
    },
    {
        "info": "INSTAGRAM_COM"
    },
    {
        "info": "MYSPACE_COM"
    },
    {
        "info": "WATTPAD_COM"
    },
    {
        "info": "8TRACKS_COM"
    },
    {
        "info": "MYFITNESSPAL"
    },
    {
        "info": "LAST_FM"
    },
    {
        "info": "GITHUB"
    },
    {
        "info": "BLANKMEDIAGAMES"
    },
    {
        "info": "TIKTOK"
    }

    
]
